id,name,age,city,department,salary,years_experience,active
1,Ahmed Hassan,25,Cairo,Engineering,85000,3,true
2,Sara Ali,30,Giza,Design,72000,6,true
3,Omar Mohamed,22,Alexandria,Engineering,65000,1,true
4,Mona Ibrahim,28,Cairo,Marketing,68000,5,true
5,Youssef Khalil,35,Giza,Management,110000,12,true
6,Laila Mahmoud,26,Cairo,Engineering,90000,4,true
7,Karim Adel,31,Alexandria,Sales,76000,7,true
8,Nour Samir,24,Cairo,Design,64000,2,true
9,Hassan Tarek,42,Giza,Management,135000,18,true
10,Mariam Fathy,29,Cairo,Marketing,71000,6,true
11,Mostafa Nabil,27,Alexandria,Engineering,88000,4,true
12,Dina Ashraf,33,Cairo,Finance,95000,9,true
13,Amr Hossam,23,Giza,Engineering,62000,1,true
14,Salma Wael,37,Cairo,Management,125000,14,true
15,Ahmed Samy,26,Alexandria,Sales,69000,3,true
16,Reem Adel,32,Giza,Design,81000,8,true
17,Khaled Omar,40,Cairo,Engineering,118000,15,true
18,Hana Mostafa,25,Alexandria,Marketing,67000,3,true
19,Tamer Younis,29,Giza,Engineering,92000,6,true
20,Farah Sameh,27,Cairo,Finance,79000,5,true
21,Islam Reda,34,Alexandria,Management,108000,11,true
22,Aya Mahmoud,23,Cairo,Design,61000,1,true
23,Walid Essam,38,Giza,Engineering,115000,13,true
24,Menna Ahmed,28,Alexandria,Finance,83000,6,true
25,Seif Hassan,30,Cairo,Sales,78000,7,true
26,Jana Tarek,24,Giza,Marketing,65000,2,true
27,Adham Nasser,36,Cairo,Engineering,105000,10,true
28,Habiba Omar,29,Alexandria,Design,75000,5,true
29,Marwan Adel,41,Giza,Management,128000,16,true
30,Malak Samir,26,Cairo,Finance,81000,4,true
31,Mostafa Khaled,33,Alexandria,Engineering,97000,9,true
32,Rawan Hany,22,Giza,Marketing,60000,1,true
33,Emad Fathy,39,Cairo,Engineering,112000,14,true
34,Asmaa Nabil,31,Alexandria,Design,79000,7,true
35,Bassem Ali,27,Giza,Sales,70000,4,true
36,Nada Hossam,35,Cairo,Finance,102000,11,true
37,Ayman Sameh,43,Alexandria,Management,140000,20,true
38,Rana Adel,25,Giza,Design,63000,2,true
39,Essam Mohamed,28,Cairo,Engineering,87000,5,true
40,Donia Khalil,30,Alexandria,Marketing,73000,7,true
41,Ahmed Nasser,34,Giza,Engineering,99000,10,true
42,Shorouk Tarek,27,Cairo,Finance,77000,4,true
43,Osama Wael,45,Alexandria,Management,145000,22,false
44,Nadine Ashraf,29,Giza,Design,82000,6,true
45,Hatem Samir,37,Cairo,Sales,91000,12,true
46,Esraa Fathy,24,Alexandria,Marketing,62000,2,true
47,Magdy Hassan,32,Giza,Engineering,96000,8,true
48,Marina Adel,26,Cairo,Finance,80000,4,true
49,Tarek Mahmoud,40,Alexandria,Management,130000,17,true
50,Menna Samy,23,Giza,Design,59000,1,true
51,Adel Hossam,29,Cairo,Engineering,91000,6,true
52,Samar Nabil,36,Alexandria,Finance,108000,12,true
53,Mahmoud Tarek,31,Giza,Sales,74000,7,true
54,Habiba Khalil,25,Cairo,Marketing,66000,3,true
55,Wael Ahmed,42,Alexandria,Engineering,121000,18,true
56,Rahma Omar,28,Giza,Design,76000,5,true
57,Sameh Adel,35,Cairo,Management,117000,13,true
58,Salma Hassan,27,Alexandria,Finance,85000,5,true
59,Hesham Samir,39,Giza,Engineering,109000,14,true
60,Mai Tarek,24,Cairo,Marketing,61000,2,true
61,Karim Hassan,33,Alexandria,Sales,82000,9,true
62,Riham Adel,30,Giza,Design,78000,7,true
63,Ahmed Wael,37,Cairo,Engineering,104000,11,true
64,Noha Mahmoud,26,Alexandria,Finance,74000,4,true
65,Mohamed Fathy,44,Giza,Management,138000,21,true
66,Dalia Nabil,29,Cairo,Marketing,70000,6,true
67,Amr Samy,32,Alexandria,Engineering,94000,8,true
68,Marwa Hassan,25,Giza,Design,65000,3,true
69,Khaled Adel,38,Cairo,Sales,97000,13,true
70,Rehab Tarek,27,Alexandria,Finance,81000,5,true
71,Yasser Mohamed,41,Giza,Engineering,119000,17,true
72,Heba Omar,23,Cairo,Marketing,60000,1,true
73,Sherif Nabil,34,Alexandria,Management,111000,12,true
74,Mariam Hassan,31,Giza,Design,84000,8,true
75,Ahmed Mahmoud,28,Cairo,Engineering,89000,5,true
76,Farida Adel,26,Alexandria,Finance,76000,4,true
77,Mostafa Wael,36,Giza,Sales,88000,10,true
78,Nour Hassan,24,Cairo,Marketing,63000,2,true
79,Hany Tarek,43,Alexandria,Engineering,126000,19,true
80,Samira Nabil,30,Giza,Design,80000,7,true
81,Osama Khalil,39,Cairo,Management,122000,15,true
82,Doaa Ahmed,27,Alexandria,Finance,79000,5,true
83,Wael Samy,33,Giza,Engineering,101000,9,true
84,Aya Hassan,25,Cairo,Marketing,64000,3,true
85,Emad Adel,40,Alexandria,Sales,103000,15,true
86,Shimaa Tarek,29,Giza,Design,77000,6,true
87,Ahmed Omar,35,Cairo,Engineering,107000,11,true
88,Nourhan Mahmoud,22,Alexandria,Finance,58000,1,true
89,Khaled Fathy,37,Giza,Management,116000,13,true
90,Marina Hassan,28,Cairo,Marketing,71000,5,true
91,Tamer Adel,31,Alexandria,Engineering,93000,8,true
92,Menna Wael,26,Giza,Design,68000,4,true
93,Mahmoud Samir,42,Cairo,Engineering,120000,18,true
94,Rana Hassan,30,Alexandria,Finance,86000,7,true
95,Adel Tarek,34,Giza,Sales,80000,9,true
96,Hana Ahmed,24,Cairo,Marketing,62000,2,true
97,Youssef Samir,38,Alexandria,Management,124000,14,true
98,Dina Hassan,27,Giza,Design,74000,5,true
99,Omar Adel,32,Cairo,Engineering,98000,9,true
100,Sara Mahmoud,29,Alexandria,Finance,82000,6,true
